0	399	5	600
3	800	3	999
0	1199	0	1400
0	1600	3	1799
0	1999	0	2199
1	2399	0	2599
0	2800	0	2999
0	3199	1	3399
0	3599	3	3800
0	4000	3	4200
26	4399	0	4599
0	4800	1	5000
0	5200	1	5400
0	5600	0	5800
0	6000	2	6200
0	6400	0	6600
0	6799	2	7000
0	7200	0	7400
0	7600	6	7799
0	7999	5	8199
0	8399	3	8600
14	8800	3	9000
194	9200	2	9400
217	9600	0	9799
218	9999	0	10200
217	10399	0	10600
247	10800	3	11000
241	11200	0	11400
250	11600	0	11800
218	12000	4	12200
211	12400	0	12600
231	12799	0	13000
208	13200	0	13400
222	13600	3	13799
248	13999	2	14199
220	14399	2	14600
255	14800	0	15000
234	15200	0	15400
246	15600	2	15800
211	16000	0	16200
225	16400	1	16600
206	16799	0	17000
237	17200	0	17400
215	17600	1	17799
216	17999	5	18199
212	18399	0	18600
220	18800	0	19000
223	19200	0	19400
235	19600	1	19799
249	19999	0	20200
234	20399	0	20600
216	20800	4	21000
212	21200	1	21400
220	21600	0	21800
211	22000	1	22200
246	22400	0	22600
214	22799	0	23000
244	23200	1	23400
209	23600	0	23799
239	23999	2	24199
208	24399	0	24600
252	24800	3	25000
222	25200	3	25400
221	25600	1	25800
209	26000	0	26200
213	26400	0	26600
213	26799	0	27000
223	27200	0	27400
226	27600	1	27799
249	27999	1	28199
239	28399	0	28600
218	28800	1	29000
211	29200	0	29400
214	29600	1	29799
221	29999	0	30200
219	30399	0	30600
248	30800	0	31000
258	31200	1	31400
243	31600	4	31800
237	32000	0	32200
221	32400	0	32600
235	32800	3	32999
212	33199	0	33399
242	33600	5	33800
245	34000	0	34200
215	34399	0	34599
243	34800	0	34999
281	35199	0	35399
216	35600	0	35800
232	36000	4	36200
248	36399	3	36599
243	36800	1	36999
248	37199	0	37399
211	37600	1	37800
220	38000	0	38200
209	38399	0	38599
225	38800	0	38999
247	39199	1	39399
218	39600	0	39800
203	40000	0	40200
221	40399	2	40599
240	40800	1	40999
228	41199	0	41399
234	41600	2	41800
213	42000	0	42200
211	42399	0	42599
215	42800	0	42999
219	43199	4	43399
239	43600	3	43800
212	44000	1	44200
247	44399	0	44599
221	44800	2	44999
205	45199	0	45399
221	45600	0	45800
239	46000	1	46200
216	46399	0	46599
252	46800	0	46999
249	47199	0	47399
216	47600	0	47800
256	48000	2	48200
233	48399	0	48599
224	48800	0	48999
216	49199	3	49399
265	49600	0	49800
213	50000	0	50200
246	50399	4	50599
224	50800	0	50999
232	51199	1	51399
257	51600	0	51800
245	52000	0	52200
244	52399	0	52599
236	52800	0	52999
286	53199	0	53399
219	53600	0	53800
214	54000	3	54200
235	54399	3	54599
205	54800	2	54999
214	55199	3	55399
209	55600	2	55800
215	56000	0	56200
215	56399	3	56599
219	56800	0	56999
218	57199	0	57399
234	57600	0	57800
213	58000	1	58200
205	58399	0	58599
234	58800	0	58999
224	59199	0	59399
212	59600	4	59800
209	60000	2	60200
235	60399	0	60599
276	60800	0	60999
214	61199	0	61399
249	61600	2	61800
231	62000	4	62200
211	62399	0	62599
236	62800	0	62999
259	63199	0	63399
223	63600	0	63800
224	64000	2	64200
258	64399	1	64599
244	64800	0	64999
223	65199	2	65399
257	65600	1	65800
211	66000	1	66200
227	66399	0	66599
266	66800	0	66999
240	67199	0	67399
206	67600	0	67800
217	68000	5	68200
253	68399	3	68599
213	68800	0	68999
258	69199	4	69399
230	69600	4	69800
229	70000	0	70200
238	70399	1	70599
263	70800	0	70999
213	71199	1	71399
219	71600	0	71800
273	72000	0	72200
254	72399	0	72599
254	72800	0	72999
206	73199	0	73399
258	73600	0	73800
253	74000	0	74200
251	74399	7	74599
224	74800	3	74999
215	75199	0	75399
223	75600	5	75800
277	76000	1	76200
207	76399	0	76599
208	76800	0	76999
240	77199	0	77399
220	77600	1	77800
225	78000	0	78200
221	78399	0	78599
228	78800	0	78999
245	79199	0	79399
217	79600	5	79800
212	80000	2	80200
258	80399	0	80599
241	80800	0	80999
266	81199	1	81399
239	81600	0	81800
218	82000	0	82200
218	82399	3	82599
279	82800	0	82999
250	83199	3	83399
225	83600	2	83800
259	84000	0	84200
260	84399	0	84599
236	84800	1	84999
229	85199	0	85399
214	85600	2	85800
226	86000	0	86200
218	86399	1	86599
215	86800	0	86999
206	87199	0	87399
237	87600	2	87800
245	88000	2	88200
211	88399	0	88599
231	88800	0	88999
219	89199	0	89399
274	89600	0	89800
230	90000	0	90200
256	90399	0	90599
262	90800	0	90999
210	91199	0	91399
264	91600	0	91800
219	92000	0	92200
215	92399	1	92599
235	92800	0	92999
225	93199	0	93399
252	93600	0	93800
216	94000	0	94200
274	94399	5	94599
248	94800	0	94999
248	95199	0	95399
262	95600	0	95800
224	96000	1	96200
244	96399	0	96599
241	96800	0	96999
242	97199	0	97399
258	97600	0	97800
226	98000	0	98200
233	98399	1	98599
252	98800	0	98999
218	99199	0	99399
219	99600	3	99800
231	100000	0	100200
221	100399	1	100599
221	100800	0	100999
249	101199	2	101399
247	101600	0	101800
224	102000	3	102200
245	102399	2	102599
226	102800	0	102999
212	103199	0	103399
272	103600	1	103800
268	104000	0	104200
266	104399	0	104599
222	104800	0	104999
210	105199	1	105399
242	105600	1	105800
242	106000	0	106200
245	106399	0	106599
241	106800	1	106999
221	107199	0	107399
225	107600	0	107800
253	108000	0	108200
212	108399	0	108599
223	108800	0	108999
288	109199	0	109399
232	109600	1	109800
218	110000	0	110200
212	110399	0	110599
236	110800	0	110999
270	111199	0	111399
225	111600	4	111800
233	112000	0	112200
256	112399	3	112599
237	112800	0	112999
276	113199	2	113399
220	113600	2	113800
225	114000	1	114200
229	114399	5	114599
233	114800	2	114999
220	115199	1	115399
217	115600	1	115800
223	116000	0	116200
213	116399	0	116599
213	116800	0	116999
221	117199	0	117399
212	117600	0	117800
249	118000	2	118200
272	118399	0	118599
217	118800	0	118999
203	119199	0	119399
242	119600	2	119800
216	120000	1	120200
263	120399	0	120599
240	120800	4	120999
259	121199	1	121399
216	121600	0	121800
257	122000	0	122200
207	122399	0	122599
211	122800	0	122999
251	123199	0	123399
210	123600	2	123800
241	124000	0	124200
210	124399	1	124599
276	124800	5	124999
261	125199	0	125399
292	125600	3	125800
212	126000	2	126200
217	126399	3	126599
262	126800	0	126999
222	127199	0	127399
235	127600	0	127800
211	128000	0	128200
213	128399	2	128599
252	128800	0	128999
210	129199	1	129399
263	129600	0	129800
220	130000	5	130200
263	130399	0	130599
267	130800	0	130999
221	131199	3	131399
263	131600	4	131800
288	132000	0	132200
215	132399	3	132599
240	132800	0	132999
280	133199	0	133399
277	133600	0	133800
224	134000	0	134200
279	134399	2	134599
260	134800	1	134999
222	135199	0	135399
208	135600	0	135800
213	136000	1	136200
229	136399	6	136599
215	136800	0	136999
246	137199	1	137399
215	137600	2	137800
244	138000	0	138200
220	138399	0	138599
240	138800	1	138999
254	139199	2	139399
211	139600	0	139800
252	140000	0	140200
232	140399	0	140599
248	140800	0	140999
252	141199	3	141399
262	141600	4	141800
220	142000	0	142200
215	142399	0	142599
220	142800	0	142999
263	143199	0	143399
219	143600	2	143800
218	144000	0	144200
251	144399	2	144599
217	144800	0	144999
219	145199	0	145399
213	145600	0	145800
213	146000	0	146200
230	146399	1	146599
284	146800	0	146999
253	147199	1	147399
265	147600	0	147800
263	148000	0	148200
263	148399	2	148599
270	148800	2	148999
258	149199	1	149399
250	149600	1	149800
260	150000	2	150200
250	150399	4	150599
252	150800	0	150999
254	151199	0	151399
265	151600	1	151800
228	152000	1	152200
210	152399	1	152599
213	152800	3	152999
217	153199	0	153399
245	153600	1	153800
215	154000	0	154200
217	154399	4	154599
216	154800	0	154999
212	155199	1	155399
218	155600	0	155800
240	156000	3	156200
241	156399	2	156599
217	156800	2	156999
243	157199	0	157399
249	157600	2	157800
222	158000	2	158200
221	158399	0	158599
226	158800	2	158999
247	159199	0	159399
216	159600	0	159800
233	160000	0	160200
208	160399	0	160599
217	160800	0	160999
269	161199	0	161399
217	161600	3	161800
213	162000	2	162200
285	162399	4	162599
257	162800	0	162999
245	163199	0	163399
228	163600	0	163800
244	164000	0	164200
216	164399	1	164599
279	164800	0	164999
216	165199	0	165399
235	165600	4	165800
215	166000	0	166200
251	166399	1	166599
258	166800	1	166999
260	167199	0	167399
258	167600	1	167800
249	168000	0	168200
243	168399	0	168599
216	168800	0	168999
237	169199	0	169399
214	169600	1	169800
253	170000	4	170200
257	170399	0	170599
221	170800	3	170999
283	171199	1	171399
224	171600	2	171800
205	172000	5	172200
251	172399	3	172599
239	172800	0	172999
222	173199	0	173399
217	173600	0	173800
213	174000	2	174200
235	174399	0	174599
217	174800	0	174999
229	175199	0	175399
216	175600	3	175800
264	176000	0	176200
214	176399	0	176599
264	176800	0	176999
217	177199	0	177399
256	177600	0	177800
217	178000	3	178200
211	178399	0	178599
246	178800	0	178999
232	179199	2	179399
211	179600	3	179800
241	180000	0	180200
221	180399	1	180599
217	180800	2	180999
230	181199	0	181399
218	181600	0	181800
260	182000	1	182200
214	182399	0	182599
243	182800	4	182999
217	183199	0	183399
248	183600	2	183800
212	184000	0	184200
213	184399	0	184599
258	184800	0	184999
241	185199	0	185399
223	185600	0	185800
228	186000	0	186200
218	186399	0	186599
240	186800	0	186999
242	187199	0	187399
237	187600	1	187800
219	188000	0	188200
203	188399	1	188599
261	188800	0	188999
277	189199	3	189399
231	189600	3	189800
217	190000	0	190200
215	190399	0	190599
211	190800	2	190999
216	191199	0	191399
251	191600	2	191800
219	192000	0	192200
226	192399	0	192599
259	192800	0	192999
262	193199	0	193399
206	193600	2	193800
243	194000	0	194200
232	194399	0	194599
209	194800	0	194999
224	195199	0	195399
234	195600	3	195800
213	196000	4	196200
211	196399	0	196599
231	196800	0	196999
242	197199	0	197399
222	197600	5	197800
253	198000	6	198200
216	198399	1	198599
263	198800	0	198999
254	199199	0	199399
215	199600	0	199800
232	200000	2	200200
220	200399	0	200599
270	200800	0	200999
226	201199	0	201399
237	201600	0	201800
239	202000	0	202200
231	202399	2	202599
222	202800	0	202999
235	203199	0	203399
232	203600	0	203800
214	204000	1	204200
237	204399	1	204599
245	204800	0	204999
263	205199	2	205399
254	205600	0	205800
234	206000	1	206200
218	206399	0	206599
243	206800	1	206999
242	207199	1	207399
219	207600	0	207800
212	208000	0	208200
254	208399	0	208599
213	208800	0	208999
232	209199	1	209399
250	209600	2	209800
253	210000	0	210200
251	210399	0	210599
240	210800	1	210999
247	211199	0	211399
227	211600	0	211800
251	212000	2	212200
236	212399	0	212599
258	212800	3	212999
216	213199	2	213399
225	213600	0	213800
219	214000	0	214200
212	214399	1	214599
210	214800	3	214999
238	215199	0	215399
213	215600	0	215800
215	216000	0	216200
210	216399	0	216599
256	216800	3	216999
238	217199	0	217399
217	217600	2	217800
215	218000	2	218200
215	218399	1	218599
218	218800	0	218999
277	219199	0	219399
212	219600	0	219800
217	220000	4	220200
250	220399	0	220599
259	220800	0	220999
219	221199	0	221399
253	221600	1	221800
237	222000	0	222200
245	222399	2	222599
263	222800	0	222999
228	223199	0	223399
225	223600	3	223800
240	224000	1	224200
218	224399	1	224599
291	224800	1	224999
237	225199	4	225399
210	225600	4	225800
270	226000	0	226200
211	226399	2	226599
220	226800	1	226999
245	227199	1	227399
254	227600	0	227800
229	228000	0	228200
241	228399	1	228599
230	228800	2	228999
232	229199	3	229399
218	229600	0	229800
253	230000	0	230200
248	230399	1	230599
212	230800	2	230999
249	231199	0	231399
240	231600	0	231800
254	232000	3	232200
253	232399	1	232599
226	232800	0	232999
211	233199	0	233399
220	233600	0	233800
213	234000	1	234200
216	234399	0	234599
225	234800	0	234999
242	235199	0	235399
221	235600	0	235800
231	236000	3	236200
236	236399	0	236599
225	236800	0	236999
208	237199	0	237399
237	237600	0	237800
249	238000	6	238200
217	238399	0	238599
249	238800	0	238999
244	239199	0	239399
247	239600	3	239800
260	240000	0	240200
263	240399	0	240599
219	240800	3	240999
295	241199	3	241399
221	241600	3	241800
214	242000	0	242200
210	242399	0	242599
227	242800	2	242999
218	243199	2	243399
211	243600	1	243800
227	244000	0	244200
210	244399	0	244599
255	244800	0	244999
216	245199	1	245399
213	245600	8	245800
241	246000	3	246200
213	246399	1	246599
251	246800	1	246999
222	247199	0	247399
242	247600	0	247800
223	248000	0	248200
212	248399	0	248599
222	248800	1	248999
221	249199	0	249399
265	249600	6	249800
249	250000	1	250200
211	250399	1	250599
226	250800	0	250999
239	251199	0	251399
219	251600	0	251800
254	252000	1	252200
210	252399	0	252599
212	252800	0	252999
240	253199	0	253399
247	253600	0	253800
210	254000	2	254200
212	254399	0	254599
232	254800	1	254999
215	255199	0	255399
232	255600	0	255800
217	256000	0	256200
216	256399	0	256599
211	256800	4	256999
208	257199	2	257399
217	257600	2	257800
211	258000	0	258200
249	258399	0	258599
203	258800	3	258999
213	259199	0	259399
220	259600	0	259800
212	260000	0	260200
211	260399	1	260599
254	260800	2	260999
211	261199	0	261399
279	261600	2	261800
215	262000	0	262200
259	262399	0	262599
215	262800	0	262999
254	263199	0	263399
227	263600	0	263800
221	264000	0	264200
241	264399	0	264599
235	264800	5	264999
218	265199	0	265399
221	265600	0	265800
263	266000	0	266200
223	266399	1	266599
284	266800	3	266999
221	267199	1	267399
213	267600	5	267800
237	268000	0	268200
211	268399	0	268599
223	268800	0	268999
204	269199	0	269399
234	269600	0	269800
237	270000	0	270200
276	270399	0	270599
215	270800	1	270999
216	271199	0	271399
219	271600	0	271800
215	272000	0	272200
229	272399	0	272599
245	272800	0	272999
265	273199	3	273399
256	273600	1	273800
232	274000	1	274200
219	274399	0	274599
234	274800	0	274999
211	275199	0	275399
217	275600	2	275800
235	276000	0	276200
212	276399	0	276599
223	276800	1	276999
232	277199	0	277399
281	277600	2	277800
261	278000	0	278200
212	278399	0	278599
258	278800	1	278999
244	279199	0	279399
258	279600	2	279800
238	280000	1	280200
214	280399	0	280599
247	280800	0	280999
211	281199	1	281399
222	281600	0	281800
236	282000	0	282200
213	282399	1	282599
252	282800	0	282999
260	283199	0	283399
211	283600	0	283800
236	284000	2	284200
215	284399	0	284599
214	284800	0	284999
211	285199	0	285399
225	285600	0	285800
221	286000	0	286200
207	286399	0	286599
260	286800	0	286999
249	287199	5	287399
217	287600	0	287800
244	288000	0	288200
284	288399	3	288599
219	288800	1	288999
251	289199	0	289399
242	289600	1	289800
215	290000	3	290200
259	290399	0	290599
220	290800	0	290999
214	291199	0	291399
256	291600	3	291800
219	292000	3	292200
217	292399	1	292599
214	292800	0	292999
275	293199	0	293399
220	293600	0	293800
221	294000	0	294200
224	294399	0	294599
249	294800	1	294999
244	295199	1	295399
243	295600	3	295800
217	296000	0	296200
216	296399	0	296599
215	296800	0	296999
217	297199	0	297399
252	297600	3	297800
252	298000	0	298200
229	298399	1	298599
213	298800	3	298999
250	299199	3	299399
210	299600	0	299800
230	300000	4	300200
258	300399	3	300599
247	300800	0	300999
219	301199	0	301399
215	301600	0	301800
265	302000	0	302200
222	302399	0	302599
250	302800	0	302999
228	303199	0	303399
260	303600	0	303800
237	304000	0	304200
250	304399	0	304599
217	304800	2	304999
216	305199	3	305399
216	305600	2	305800
225	306000	0	306200
262	306399	0	306599
227	306800	0	306999
256	307199	0	307399
218	307600	0	307800
211	308000	0	308200
251	308399	3	308599
215	308800	3	308999
244	309199	1	309399
263	309600	2	309800
231	310000	0	310200
221	310399	2	310599
210	310800	0	310999
219	311199	0	311399
248	311600	3	311800
276	312000	2	312200
221	312399	0	312599
217	312800	0	312999
257	313199	0	313399
216	313600	1	313800
263	314000	0	314200
216	314399	0	314599
260	314800	0	314999
213	315199	1	315399
252	315600	0	315800
245	316000	0	316200
282	316399	2	316599
270	316800	0	316999
231	317199	2	317399
222	317600	1	317800
213	318000	4	318200
235	318399	0	318599
252	318800	0	318999
259	319199	0	319399
237	319600	0	319800
243	320000	0	320200
241	320399	2	320599
255	320800	0	320999
247	321199	3	321399
270	321600	5	321800
258	322000	0	322200
247	322399	1	322599
213	322800	1	322999
253	323199	0	323399
288	323600	3	323800
215	324000	0	324200
240	324399	0	324599
251	324800	0	324999
218	325199	3	325399
222	325600	3	325800
247	326000	0	326200
231	326399	0	326599
244	326800	0	326999
215	327199	0	327399
212	327600	0	327800
216	328000	1	328200
210	328399	0	328599
241	328800	1	328999
245	329199	4	329399
226	329600	2	329800
216	330000	0	330200
252	330399	0	330599
254	330800	0	330999
258	331199	0	331399
256	331600	3	331800
215	332000	6	332200
247	332399	0	332599
222	332800	2	332999
221	333199	0	333399
210	333600	2	333800
240	334000	0	334200
278	334399	1	334599
264	334800	1	334999
239	335199	0	335399
246	335600	0	335800
209	336000	0	336200
203	336399	3	336599
249	336800	2	336999
220	337199	1	337399
227	337600	0	337800
211	338000	0	338200
216	338399	1	338599
205	338800	0	338999
218	339199	0	339399
219	339600	1	339800
215	340000	0	340200
242	340399	3	340599
258	340800	0	340999
208	341199	1	341399
220	341600	0	341800
213	342000	0	342200
212	342399	1	342599
209	342800	0	342999
228	343199	0	343399
233	343600	1	343800
247	344000	0	344200
215	344399	0	344599
237	344800	0	344999
242	345199	2	345399
287	345600	0	345800
251	346000	0	346200
253	346399	0	346599
256	346800	0	346999
226	347199	0	347399
226	347600	0	347800
260	348000	2	348200
248	348399	0	348599
225	348800	2	348999
215	349199	0	349399
213	349600	1	349800
220	350000	0	350200
220	350399	7	350599
213	350800	1	350999
231	351199	0	351399
208	351600	0	351800
215	352000	0	352200
282	352399	0	352599
215	352800	0	352999
255	353199	2	353399
213	353600	0	353800
214	354000	0	354200
237	354399	2	354599
221	354800	0	354999
238	355199	0	355399
218	355600	3	355800
214	356000	0	356200
213	356399	3	356599
211	356800	0	356999
249	357199	0	357399
248	357600	0	357800
237	358000	0	358200
205	358399	0	358599
243	358800	0	358999
215	359199	0	359399
258	359600	0	359800
260	360000	3	360200
212	360399	2	360599
214	360800	0	360999
219	361199	0	361399
249	361600	0	361800
252	362000	0	362200
215	362399	0	362599
212	362800	3	362999
212	363199	0	363399
216	363600	0	363800
211	364000	2	364200
221	364399	1	364599
214	364800	0	364999
210	365199	0	365399
243	365600	0	365800
213	366000	0	366200
241	366399	0	366599
208	366800	4	366999
213	367199	0	367399
220	367600	0	367800
202	368000	2	368200
247	368399	0	368599
208	368800	0	368999
226	369199	1	369399
239	369600	3	369800
256	370000	0	370200
212	370399	0	370599
213	370800	0	370999
252	371199	1	371399
257	371600	2	371800
234	372000	0	372200
247	372399	0	372599
222	372800	2	372999
248	373199	0	373399
225	373600	0	373800
240	374000	0	374200
209	374399	4	374599
222	374800	0	374999
252	375199	1	375399
250	375600	2	375800
219	376000	0	376200
253	376399	3	376599
211	376800	3	376999
253	377199	1	377399
210	377600	2	377800
207	378000	0	378200
207	378399	0	378599
217	378800	0	378999
198	379199	3	379399
214	379600	0	379800
211	380000	2	380200
257	380399	1	380599
228	380800	0	380999
213	381199	5	381399
216	381600	0	381800
241	382000	0	382200
250	382399	1	382599
212	382800	0	382999
215	383199	0	383399
213	383600	0	383800
216	384000	3	384200
242	384399	0	384599
217	384800	0	384999
213	385199	0	385399
237	385600	0	385800
210	386000	1	386200
215	386399	5	386599
214	386800	5	386999
252	387199	0	387399
226	387600	2	387800
210	388000	5	388200
210	388399	0	388599
233	388800	0	388999
210	389199	0	389399
206	389600	3	389800
219	390000	1	390200
210	390399	2	390599
253	390800	1	390999
236	391199	1	391399
213	391600	3	391800
208	392000	0	392200
203	392399	2	392599
210	392800	3	392999
220	393199	0	393399
203	393600	2	393800
242	394000	0	394200
204	394399	3	394599
246	394800	0	394999
226	395199	0	395399
228	395600	0	395800
225	396000	1	396200
208	396399	3	396599
213	396800	1	396999
220	397199	0	397399
234	397600	0	397800
211	398000	0	398200
219	398399	0	398599
215	398800	1	398999
205	399199	0	399399
214	399600	0	399800
205	400000	0	400200
215	400399	0	400599
216	400800	1	400999
210	401199	0	401399
210	401600	2	401800
210	402000	2	402200
204	402399	0	402599
207	402800	0	402999
205	403199	0	403399
193	403600	0	403800
193	404000	2	404200
194	404399	6	404599
177	404800	0	404999
180	405199	0	405399
173	405600	0	405800
172	406000	0	406200
158	406399	0	406599
141	406800	0	406999
121	407199	0	407399
108	407600	0	407800
87	408000	1	408200
60	408399	0	408599
36	408800	4	408999
39	409199	1	409399
12	409600	0	409800
0	410000	0	410200
0	410399	0	410599
0	410800	0	410999
0	411199	1	411399
0	411600	0	411800
0	412000	0	412200
0	412399	3	412599
0	412800	1	412999
0	413199	0	413399
0	413600	1	413800
0	414000	4	414200
0	414399	2	414599
0	414800	0	414999
0	415199	1	415399
0	415600	0	415800
0	416000	1	416200
0	416399	0	416599
0	416800	2	416999
0	417199	0	417399
0	417600	6	417800
0	418000	0	418200
0	418399	0	418599
0	418800	0	418999
0	419199	0	419399
0	419600	4	419800
0	420000	0	420200
0	420399	1	420599
0	420800	1	420999
0	421199	1	421399
0	421600	0	421800
0	422000	0	422200
0	422399	2	422599
0	422800	0	422999
0	423199	0	423399
0	423600	0	423800
0	424000	4	424200
0	424399	0	424599
0	424800	0	424999
0	425199	0	425399
0	425600	2	425800
0	426000	0	426200
0	426399	0	426599
0	426800	1	426999
0	427199	0	427399
0	427600	3	427800
0	428000	0	428200
0	428399	2	428599
0	428800	0	428999
0	429199	2	429399
0	429600	0	429800
0	430000	0	430200
0	430399	4	430599
0	430800	0	430999
0	431199	0	431399
0	431600	0	431800
0	432000	0	432200
0	432399	0	432599
0	432800	1	432999
0	433199	0	433399
0	433600	0	433800
0	434000	0	434200
0	434399	1	434599
0	434800	2	434999
0	435199	0	435399
0	435600	0	435800
0	436000	1	436200
0	436399	4	436599
0	436800	1	436999
0	437199	1	437399
0	437600	0	437800
0	438000	0	438200
0	438399	1	438599
0	438800	0	438999
0	439199	0	439399
0	439600	0	439800
0	440000	2	440200
0	440399	2	440599
0	440800	0	440999
0	441199	0	441399
0	441600	5	441800
0	442000	4	442200
0	442399	0	442599
0	442800	1	442999
0	443199	0	443399
0	443600	0	443800
0	444000	2	444200
0	444399	0	444599
0	444800	0	444999
0	445199	0	445399
0	445600	0	445800
0	446000	0	446200
0	446399	0	446599
0	446800	0	446999
0	447199	0	447399
0	447600	0	447800
0	448000	0	448200
0	448399	0	448599
0	448800	0	448999
0	449199	0	449399
0	449600	0	449800
0	450000	0	450200
0	450399	0	450599
0	450800	0	450999
0	451199	0	451399
0	451600	0	451800
0	452000	0	452200
0	452399	0	452599
0	452800	0	452999
0	453199	0	453399
0	453600	0	453800
0	454000	0	454200
0	454399	0	454599
0	454800	0	454999
0	455199	0	455399
0	455600	0	455800
0	456000	0	456200
0	456399	0	456599
0	456800	0	456999
0	457199	0	457399
0	457600	0	457800
0	458000	0	458200
0	458399	0	458599
0	458800	0	458999
0	459199	0	459399
0	459600	0	459800
0	460000	0	460200
0	460399	0	460599
0	460800	0	460999
0	461199	0	461399
0	461600	0	461800
0	462000	0	462200
0	462399	0	462599
0	462800	0	462999
0	463199	0	463399
0	463600	0	463800
0	464000	0	464200
0	464399	0	464599
0	464800	0	464999
0	465199	0	465399
0	465600	0	465800
0	466000	0	466200
0	466399	0	466599
0	466800	0	466999
0	467199	0	467399
0	467600	0	467800
0	468000	0	468200
0	468399	0	468599
0	468800	0	468999
0	469199	0	469399
0	469600	0	469800
0	470000	0	470200
0	470399	0	470599
0	470800	0	470999
0	471199	0	471399
0	471600	0	471800
0	472000	0	472200
0	472399	0	472599
0	472800	0	472999
0	473199	0	473399
0	473600	0	473800
0	474000	0	474200
0	474399	0	474599
0	474800	0	474999
0	475199	0	475399
0	475600	0	475800
0	476000	0	476200
0	476399	0	476599
0	476800	0	476999
0	477199	0	477399
0	477600	0	477800
0	478000	0	478200
0	478399	0	478599
0	478800	0	478999
0	479199	0	479399
0	479600	0	479800
0	480000	0	480200
0	480399	0	480599
0	480800	0	480999
0	481199	0	481399
0	481600	0	481800
0	482000	0	482200
0	482399	0	482599
0	482800	0	482999
0	483199	0	483399
0	483600	0	483800
0	484000	0	484200
0	484399	0	484599
0	484800	0	484999
0	485199	0	485399
0	485600	0	485800
0	486000	0	486200
0	486399	0	486599
0	486800	0	486999
0	487199	0	487399
0	487600	0	487800
0	488000	0	488200
0	488399	0	488599
0	488800	0	488999
0	489199	0	489399
0	489600	0	489800
0	490000	0	490200
0	490399	0	490599
0	490800	0	490999
0	491199	0	491399
0	491600	0	491800
0	492000	0	492200
0	492399	0	492599
0	492800	0	492999
0	493199	0	493399
0	493600	0	493800
10	494000	0	494200
0	494399	0	494599
0	494800	0	494999
0	495199	0	495399
0	495600	0	495800
0	496000	1	496200
0	496399	0	496599
0	496800	1	496999
5	497199	0	497399
0	497600	0	497800
0	498000	1	498200
0	498399	2	498599
1	498800	0	498999
0	499199	0	499399
1	499600	0	499800
0	500000	0	500200
3	500399	0	500599
2	500800	0	500999
0	501199	0	501399
0	501600	1	501800
5	502000	1	502200
0	502399	0	502599
3	502800	0	502999
0	503199	2	503399
6	503600	0	503800
0	504000	2	504200
0	504399	0	504599
0	504800	0	504999
0	505199	1	505399
2	505600	0	505800
0	506000	0	506200
0	506399	3	506599
0	506800	0	506999
6	507199	2	507399
4	507600	1	507800
3	508000	0	508200
4	508399	0	508599
0	508800	0	508999
2	509199	0	509399
0	509600	3	509800
0	510000	0	510200
3	510399	2	510599
0	510800	0	510999
0	511199	5	511399
5	511600	0	511800
2	512000	2	512200
0	512399	2	512599
0	512800	0	512999
0	513199	0	513399
2	513600	0	513800
0	514000	0	514200
0	514399	0	514599
0	514800	0	514999
0	515199	0	515399
2	515600	0	515800
1	516000	0	516200
0	516399	0	516599
1	516800	0	516999
0	517199	0	517399
3	517600	0	517800
0	518000	0	518200
0	518399	2	518599
0	518800	1	518999
0	519199	0	519399
0	519600	0	519800
0	520000	4	520200
0	520399	0	520599
0	520800	1	520999
3	521199	0	521399
1	521600	0	521800
0	522000	1	522200
5	522399	0	522599
0	522800	2	522999
0	523199	0	523399
5	523600	0	523800
0	524000	1	524200
7	524400	2	524599
0	524799	3	525000
4	525199	0	525400
0	525600	0	525800
4	525999	0	526200
5	526399	0	526599
0	526799	0	527000
5	527199	0	527400
1	527599	0	527799
1	528000	0	528199
0	528400	1	528599
0	528799	2	529000
1	529200	0	529399
0	529600	0	529800
2	529999	0	530200
0	530399	2	530599
1	530799	0	531000
4	531199	0	531400
0	531599	2	531799
3	532000	2	532199
0	532400	1	532599
1	532799	0	532999
2	533200	1	533399
0	533600	4	533800
4	533999	1	534200
0	534399	0	534599
1	534799	5	535000
0	535199	0	535400
0	535599	3	535799
0	536000	1	536199
3	536400	0	536599
0	536799	2	536999
3	537200	0	537399
0	537600	3	537800
0	537999	0	538200
0	538399	0	538599
3	538799	0	539000
4	539199	0	539400
0	539599	0	539799
4	540000	0	540199
0	540400	0	540599
0	540799	0	540999
2	541200	0	541399
0	541600	0	541800
0	541999	0	542200
2	542399	0	542599
1	542799	0	543000
2	543199	1	543400
0	543599	2	543799
0	544000	0	544199
0	544400	3	544599
0	544799	0	544999
0	545200	0	545399
6	545600	1	545800
0	545999	1	546200
0	546399	0	546599
1	546799	0	547000
0	547199	2	547400
0	547599	0	547799
3	548000	2	548199
0	548400	0	548599
7	548799	0	548999
0	549200	0	549399
3	549600	0	549800
5	549999	0	550200
0	550399	0	550599
1	550799	0	551000
0	551199	4	551400
0	551599	1	551799
5	552000	1	552199
0	552400	0	552599
2	552799	0	552999
0	553200	0	553399
0	553600	5	553800
1	553999	2	554200
0	554399	0	554599
0	554799	2	555000
3	555199	0	555400
0	555599	0	555799
0	556000	0	556199
0	556400	0	556599
0	556799	1	556999
2	557200	1	557399
0	557600	0	557800
0	557999	3	558200
3	558399	0	558599
0	558799	0	559000
0	559199	0	559400
2	559599	0	559799
0	560000	0	560199
2	560400	0	560599
0	560799	0	560999
5	561200	0	561399
0	561600	0	561800
4	561999	0	562200
0	562399	0	562599
0	562799	1	563000
2	563199	3	563400
3	563599	0	563799
2	564000	3	564199
0	564400	2	564599
3	564799	0	564999
4	565200	0	565399
1	565600	0	565800
0	565999	0	566200
0	566399	1	566599
1	566799	0	567000
0	567199	0	567400
1	567599	3	567799
0	568000	7	568199
4	568400	0	568599
3	568799	0	568999
3	569200	0	569399
3	569600	0	569800
3	569999	0	570200
0	570399	0	570599
3	570799	0	571000
3	571199	0	571400
0	571599	0	571799
8	572000	0	572199
1	572400	0	572599
0	572799	0	572999
0	573200	0	573399
0	573600	0	573800
3	573999	1	574200
0	574399	0	574599
2	574799	3	575000
3	575199	0	575400
0	575599	0	575799
0	576000	2	576199
2	576400	0	576599
2	576799	0	576999
0	577200	1	577399
4	577600	1	577800
3	577999	3	578200
2	578399	1	578599
0	578799	0	579000
0	579199	0	579400
1	579599	2	579799
4	580000	5	580199
3	580400	4	580599
0	580799	0	580999
0	581200	0	581399
0	581600	0	581800
3	581999	0	582200
2	582399	0	582599
0	582799	4	583000
1	583199	0	583400
1	583599	0	583799
5	584000	3	584199
0	584400	4	584599
0	584799	0	584999
2	585200	1	585399
0	585600	1	585800
0	585999	0	586200
1	586399	0	586599
5	586799	2	587000
0	587199	2	587400
8	587599	4	587799
4	588000	0	588199
0	588400	0	588599
4	588799	2	588999
0	589200	0	589399
0	589600	0	589800
0	589999	3	590200
3	590399	0	590599
0	590799	0	591000
0	591199	0	591400
0	591599	0	591799
0	592000	0	592199
2	592400	1	592599
4	592799	2	592999
3	593200	0	593399
0	593600	0	593800
1	593999	0	594200
4	594399	0	594599
5	594799	1	595000
1	595199	4	595400
1	595599	0	595799
0	596000	0	596199
1	596400	0	596599
1	596799	0	596999
1	597200	1	597399
3	597600	0	597800
6	597999	0	598200
0	598399	0	598599
4	598799	2	599000
0	599199	2	599400
1	599599	4	599799
0	600000	0	600199
1	600400	0	600599
0	600799	2	600999
7	601200	0	601399
2	601600	1	601800
0	601999	0	602200
0	602399	1	602599
0	602799	5	603000
4	603199	5	603400
1	603599	4	603799
2	604000	0	604199
0	604400	0	604599
0	604799	0	604999
0	605200	0	605399
3	605600	3	605800
0	605999	1	606200
0	606399	0	606599
0	606799	1	607000
0	607199	1	607400
0	607599	0	607799
0	608000	3	608199
2	608400	0	608599
4	608799	1	608999
2	609200	0	609399
0	609600	3	609800
0	609999	0	610200
1	610399	0	610599
0	610799	1	611000
0	611199	0	611400
2	611599	0	611799
0	612000	0	612199
4	612400	0	612599
1	612799	0	612999
0	613200	0	613399
5	613600	0	613800
0	613999	0	614200
0	614399	0	614599
6	614799	0	615000
0	615199	0	615400
4	615599	3	615799
0	616000	1	616199
0	616400	0	616599
0	616799	1	616999
0	617200	0	617399
0	617600	1	617800
1	617999	0	618200
0	618399	0	618599
2	618799	0	619000
1	619199	0	619400
2	619599	0	619799
0	620000	0	620199
0	620400	3	620599
2	620799	1	620999
2	621200	4	621399
0	621600	0	621800
0	621999	2	622200
4	622399	2	622599
0	622799	0	623000
0	623199	2	623400
5	623599	0	623799
1	624000	1	624199
0	624400	0	624599
4	624799	0	624999
2	625200	0	625399
0	625600	0	625800
0	625999	1	626200
2	626399	0	626599
0	626799	0	627000
0	627199	0	627400
4	627599	1	627799
0	628000	0	628199
2	628400	1	628599
7	628799	0	628999
0	629200	0	629399
2	629600	0	629800
5	629999	0	630200
0	630399	0	630599
0	630799	0	631000
1	631199	0	631400
6	631599	1	631799
0	632000	0	632199
0	632400	0	632599
3	632799	0	632999
4	633200	0	633399
0	633600	0	633800
0	633999	0	634200
2	634399	1	634599
1	634799	1	635000
4	635199	0	635400
0	635599	0	635799
0	636000	2	636199
0	636400	0	636599
2	636799	0	636999
0	637200	0	637399
0	637600	0	637800
2	637999	2	638200
0	638399	0	638599
2	638799	0	639000
0	639199	6	639400
0	639599	0	639799
0	640000	0	640199
2	640400	0	640599
1	640799	1	640999
2	641200	5	641399
0	641600	0	641800
4	641999	0	642200
2	642399	0	642599
0	642799	0	643000
2	643199	0	643400
4	643599	0	643799
2	644000	0	644199
0	644400	0	644599
0	644799	0	644999
0	645200	0	645399
6	645600	2	645800
0	645999	1	646200
0	646399	0	646599
3	646799	3	647000
0	647199	1	647400
0	647599	0	647799
0	648000	0	648199
0	648400	2	648599
2	648799	2	648999
1	649200	2	649399
0	649600	4	649800
5	649999	0	650200
2	650399	0	650599
0	650799	0	651000
0	651199	4	651400
1	651599	0	651799
0	652000	0	652199
1	652400	0	652599
0	652799	1	652999
6	653200	0	653399
3	653600	3	653800
0	653999	4	654200
0	654399	2	654599
0	654799	1	655000
0	655199	1	655400
0	655599	0	655799
0	656000	0	656199
1	656400	0	656599
7	656799	5	656999
0	657200	0	657399
3	657600	1	657800
3	657999	0	658200
3	658399	0	658599
0	658799	0	659000
0	659199	0	659400
3	659599	3	659799
1	660000	0	660199
3	660400	0	660599
10	660799	3	660999
6	661200	0	661399
1	661600	1	661800
1	661999	2	662200
0	662399	1	662599
0	662799	0	663000
0	663199	4	663400
4	663599	5	663799
1	664000	1	664199
1	664400	2	664599
3	664799	0	664999
0	665200	2	665399
1	665600	0	665800
0	665999	4	666200
3	666399	0	666599
0	666799	0	667000
0	667199	0	667400
0	667599	0	667799
0	668000	1	668199
6	668400	0	668599
7	668799	2	668999
1	669200	2	669399
2	669600	0	669800
4	669999	0	670200
1	670399	0	670599
0	670799	3	671000
0	671199	5	671400
0	671599	0	671799
0	672000	0	672199
5	672400	2	672599
0	672799	2	672999
3	673200	1	673399
4	673600	0	673800
0	673999	0	674200
3	674399	0	674599
4	674799	1	675000
3	675199	0	675400
2	675599	0	675799
0	676000	3	676199
1	676400	1	676599
0	676799	2	676999
0	677200	0	677399
0	677600	0	677800
1	677999	0	678200
2	678399	1	678599
4	678799	0	679000
1	679199	0	679400
2	679599	0	679799
2	680000	0	680199
0	680400	1	680599
0	680799	0	680999
5	681200	0	681399
0	681600	0	681800
0	681999	0	682200
4	682399	0	682599
0	682799	0	683000
0	683199	1	683400
1	683599	0	683799
2	684000	0	684199
3	684400	0	684599
1	684799	2	684999
2	685200	0	685399
3	685600	1	685800
0	685999	0	686200
0	686399	1	686599
0	686799	0	687000
0	687199	0	687400
0	687599	0	687799
0	688000	0	688199
0	688400	0	688599
1	688799	0	688999
0	689200	0	689399
4	689600	0	689800
0	689999	6	690200
0	690399	0	690599
0	690799	0	691000
1	691199	0	691400
3	691599	0	691799
0	692000	0	692199
2	692400	0	692599
0	692799	0	692999
0	693200	1	693399
0	693600	2	693800
0	693999	2	694200
0	694399	2	694599
0	694799	1	695000
1	695199	4	695400
0	695599	0	695799
1	696000	0	696199
3	696400	4	696599
0	696799	0	696999
0	697200	0	697399
1	697600	0	697800
1	697999	0	698200
1	698399	1	698599
0	698799	1	699000
1	699199	0	699400
6	699599	0	699799
6	700000	0	700199
2	700400	0	700599
0	700799	0	700999
1	701200	1	701399
0	701600	0	701800
1	701999	1	702200
1	702399	0	702599
0	702799	0	703000
0	703199	0	703400
2	703599	2	703799
0	704000	1	704199
4	704400	5	704599
0	704799	0	704999
3	705200	0	705399
0	705600	1	705800
0	705999	2	706200
1	706399	0	706599
0	706799	6	707000
0	707199	5	707400
2	707599	0	707799
3	708000	2	708199
0	708400	1	708599
2	708799	3	708999
1	709200	2	709399
3	709600	0	709800
2	709999	1	710200
3	710399	0	710599
0	710799	0	711000
3	711199	4	711400
3	711599	1	711799
6	712000	0	712199
0	712400	0	712599
3	712799	0	712999
3	713200	0	713399
0	713600	0	713800
0	713999	0	714200
0	714399	0	714599
6	714799	0	715000
0	715199	3	715400
1	715599	0	715799
2	716000	0	716199
4	716400	0	716599
0	716799	0	716999
0	717200	0	717399
0	717600	0	717800
4	717999	2	718200
2	718399	0	718599
0	718799	3	719000
2	719199	1	719400
7	719599	4	719799
0	720000	0	720199
3	720400	0	720599
3	720799	0	720999
1	721200	2	721399
0	721600	0	721800
0	721999	0	722200
0	722399	0	722599
0	722799	2	723000
3	723199	3	723400
6	723599	0	723799
5	724000	2	724199
2	724400	0	724599
4	724799	4	724999
1	725200	5	725399
5	725600	4	725800
4	725999	0	726200
5	726399	0	726599
6	726799	0	727000
1	727199	1	727400
3	727599	0	727799
2	728000	0	728199
0	728400	0	728599
4	728799	5	728999
6	729200	0	729399
0	729600	0	729800
0	729999	2	730200
2	730399	2	730599
0	730799	4	731000
0	731199	0	731400
2	731599	3	731799
2	732000	2	732199
0	732400	0	732599
2	732799	6	732999
0	733200	0	733399
0	733600	0	733800
2	733999	2	734200
5	734399	4	734599
0	734799	0	735000
0	735199	2	735400
2	735599	0	735799
1	736000	0	736199
0	736400	0	736599
0	736799	3	736999
0	737200	3	737399
0	737600	0	737800
4	737999	0	738200
0	738399	0	738599
3	738799	0	739000
0	739199	0	739400
3	739599	2	739799
0	740000	5	740199
0	740400	0	740599
0	740799	0	740999
3	741200	2	741399
6	741600	1	741800
0	741999	1	742200
0	742399	0	742599
0	742799	0	743000
0	743199	0	743400
3	743599	0	743799
4	744000	0	744199
4	744400	0	744599
2	744799	2	744999
0	745200	2	745399
0	745600	0	745800
0	745999	3	746200
0	746399	1	746599
2	746799	4	747000
0	747199	0	747400
0	747599	0	747799
4	748000	1	748199
0	748400	0	748599
3	748799	2	748999
5	749200	1	749399
4	749600	3	749800
0	749999	3	750200
3	750399	0	750599
0	750799	0	751000
0	751199	4	751400
0	751599	2	751799
8	752000	0	752199
0	752400	1	752599
0	752799	0	752999
1	753200	0	753399
1	753600	3	753800
3	753999	0	754200
0	754399	1	754599
4	754799	0	755000
0	755199	0	755400
2	755599	0	755799
0	756000	2	756199
4	756400	0	756599
0	756799	3	756999
2	757200	0	757399
2	757600	0	757800
0	757999	3	758200
0	758399	0	758599
0	758799	0	759000
2	759199	0	759400
0	759599	1	759799
5	760000	0	760199
3	760400	0	760599
1	760799	2	760999
0	761200	0	761399
3	761600	0	761800
1	761999	3	762200
3	762399	0	762599
0	762799	1	763000
0	763199	0	763400
2	763599	1	763799
0	764000	0	764199
0	764400	3	764599
0	764799	0	764999
5	765200	0	765399
0	765600	2	765800
0	765999	2	766200
4	766399	0	766599
3	766799	5	767000
2	767199	1	767400
0	767599	0	767799
3	768000	0	768199
0	768400	1	768599
1	768799	0	768999
0	769200	0	769399
1	769600	3	769800
2	769999	0	770200
2	770399	0	770599
0	770799	0	771000
1	771199	0	771400
3	771599	0	771799
0	772000	0	772199
0	772400	0	772599
2	772799	0	772999
0	773200	0	773399
2	773600	3	773800
2	773999	4	774200
0	774399	3	774599
0	774799	0	775000
1	775199	0	775400
0	775599	0	775799
0	776000	0	776199
5	776400	0	776599
5	776799	0	776999
0	777200	2	777399
3	777600	2	777800
1	777999	0	778200
0	778399	2	778599
6	778799	0	779000
0	779199	0	779400
3	779599	1	779799
0	780000	0	780199
0	780400	3	780599
1	780799	3	780999
0	781200	2	781399
2	781600	0	781800
2	781999	5	782200
3	782399	1	782599
0	782799	2	783000
2	783199	0	783400
0	783599	0	783799
0	784000	0	784199
0	784400	0	784599
4	784799	1	784999
0	785200	0	785399
1	785600	0	785800
3	785999	1	786200
1	786399	0	786599
0	786799	1	787000
3	787199	0	787400
1	787599	2	787799
6	788000	0	788199
0	788400	0	788599
1	788799	0	788999
5	789200	3	789399
3	789600	0	789800
2	789999	6	790200
3	790399	0	790599
2	790799	5	791000
0	791199	5	791400
4	791599	0	791799
9	792000	0	792199
4	792400	0	792599
3	792799	0	792999
3	793200	0	793399
4	793600	1	793800
1	793999	3	794200
4	794399	0	794599
0	794799	2	795000
3	795199	0	795400
1	795599	0	795799
3	796000	0	796199
0	796400	1	796599
5	796799	0	796999
1	797200	4	797399
0	797600	0	797800
0	797999	0	798200
0	798399	0	798599
6	798799	0	799000
3	799199	0	799400
3	799599	0	799799
